{"stats":{"minecraft:picked_up":{"minecraft:beef":1,"minecraft:leather":2},"minecraft:used":{"minecraft:netherite_sword":2,"minecraft:mooshroom_spawn_egg":1},"minecraft:custom":{"minecraft:jump":88,"minecraft:time_since_rest":16144,"minecraft:damage_taken":20,"minecraft:damage_dealt":130,"minecraft:crouch_one_cm":346,"minecraft:leave_game":6,"minecraft:sprint_one_cm":7348,"minecraft:play_time":16144,"minecraft:time_since_death":16144,"minecraft:walk_on_water_one_cm":877,"minecraft:walk_one_cm":3365,"minecraft:sneak_time":208,"minecraft:total_world_time":16144,"minecraft:walk_under_water_one_cm":2107,"minecraft:mob_kills":1,"minecraft:swim_one_cm":1156,"minecraft:fall_one_cm":1378,"minecraft:fly_one_cm":98888},"minecraft:killed":{"minecraft:mooshroom":1}},"DataVersion":3465}